,baseMean,log2FoldChange,lfcSE,stat,pvalue,padj
hsa-mir-483,21.927754943675,-1.71161306154015,0.495104239428016,-3.45707615737152,0.000546070501087282,0.0495558979736709
